name,website,phone,email
Futsal HQ,http://www.futsalhq.com.au/,0423 822 699,info@futsalhq.com.au
Futsal4Life,http://futsalforlife.com.au/,0420 540 270,ross@futsalforlife.com.au
Futsal Oz,http://futsaloz.com.au/,1300 788 799,
Super5s,http://www.super5s.org/, 0433 000 444,info@super5s.org
Futsal Indoor Soccer,http://www.futsalindoorsoccer.com.au/,0411 089 337, info@futsalindoorsoccer.com.au
Adelaide Indoor Sports Centre,https://www.aisc.com.au/,08 8235 0890,
Social Sport,https://www.socialsport.com.au/,0427 102 449,hello@socialsport.com.au
Melbourne Futsal,https://melbournefutsal.com/,0448 899 402,melbournefutsal@gmail.com
Albert Park Indoor Sports Centre,https://www.apisc.com.au/,03 9696 6900,
Belmont Oasis Leisure Centre,http://www.belmontoasis.com.au/,08 9277 1622,admin@belmontoasis.com.au
Boroondara Sports Complex,http://www.bsc.boroondaraleisure.com.au/participate/sports-centre.html,03 9851 0444,bsc@ymca.org.au
Brisbane City Indoor Sports,https://www.brisbanecityindoorsports.com.au/,07 3535 0500,
Warwick Stadium,http://www.warwickstadium.com.au/,08 9247 2266,
Urban Rec,https://sydney.urbanrec.com.au/,0423 635 571,hello@urbanrec.com.au
Centennial Parklands Sports Centre,http://www.parklandssports.com.au/,,
Cockburn ARC,https://www.cockburnarc.com.au/,08 9411 3344,info@cockburnarc.com.au
Easts Basketball League,https://eastsbl.com.au/,02 8283 5161,
Fox Football Fives,https://www.foxfootballfives.com.au/,,manager@foxfootballfives.com.au
Glen Eira Sports and Aquatic Centre,http://www.gesac.com.au/Home,03 9570 9200,info@gesac.com.au
KikOff,https://www.kikoff.com.au/,1300 KIKOFF (545 633),